company_name,contact_name,email,phone,niche,website,personalized_observation,status,notes
Africa Kenya Safaris,Travel Team,info@africakenyasafaris.com,+254712683442,tourism,africakenyasafaris.com,noticed your safari booking forms have multiple manual steps on mobile devices and lack instant automated M-Pesa / card deposit validation for local and international travelers,PENDING,Safari operator based at Nairobi Safari Center Westlands
Sola Safari Travels,Safari Coordinator,info@solasafaritravels.com,+254736992608,tourism,solasafaritravels.com,noticed your site is running on WordPress which can introduce plugin bloat and slowdowns compared to lightweight modern sub-1.5s code,PENDING,Tour & travel company Nairobi
Origins Safaris,Bookings Team,info@originsafaris.info,+254202710171,tourism,originsafaris.info,noticed your mobile site layout on Kilimani networks could benefit from faster responsive asset loading and an instant one-click booking engine,PENDING,High-end safari operator Landmark Plaza Kilimani
Gamewatchers Safaris,Sales Team,sales@gamewatchers.co.ke,+254207123129,tourism,porini.com,noticed your Porini safari camp booking paths could convert significantly more international and local mobile inquiries with streamlined mobile speed,PENDING,Luxury eco-safari operator Village Market
Onsafari Kenya,Anthony,anthony@onsafarikenya.com,+254715614796,tourism,onsafarikenya.com,noticed your custom safari inquiry forms could benefit from interactive itinerary pricing calculators and faster mobile checkout,PENDING,Specialist safari operator in Nairobi
E.N. Kihungu & Co. Advocates,Lead Partner,info@enkihunguadvocates.com,+254700000000,professional_services,enkihunguadvocates.com,noticed your firm's website took over 2.0s to load on mobile and is missing structured JSON-LD schema markup for high-intent legal searches in Westlands,PENDING,Law firm in Westlands Nairobi
HKM Associates Advocates,Managing Partner,law@hkmlegal.co.ke,+254700000001,professional_services,hkmlegal.co.ke,checked your site and noticed several easy UI and mobile conversion optimizations that could lift your incoming corporate client inquiries,PENDING,Commercial advocates in Westlands
Mukamba & Company Advocates,Practice Manager,info@mukambalaw.com,+254700000002,professional_services,mukambalaw.com,spotted opportunities to modernize your digital profile with sub-1.5s mobile speed and direct WhatsApp consultation booking,PENDING,Legal advocates Nairobi
Summit Dental Care,Clinic Director,hello@summitcare.co.ke,+254743111999,professional_services,summitcare.co.ke,noticed your appointment booking flow on mobile smartphones could be made significantly more seamless with instant calendar booking and WhatsApp integration,PENDING,Modern dental clinic at Alta Towers Kilimani
Westlands Medical Centre,Practice Manager,info@westmedical.co.ke,+254705569267,professional_services,westmedical.co.ke,noticed your clinic services page lacks fast mobile appointment scheduling and local Google search optimization for Westlands residents,PENDING,Medical clinic Krishna Centre Westlands
Astradental Services,Customer Care Lead,customercare@astradental.co.ke,+254703500819,professional_services,astradental.co.ke,checked your dental services portal and noticed easy mobile UX fixes that would stop patients from bouncing to competing clinics,PENDING,Dental clinic Mpaka Plaza Westlands
House of Dentistry,Clinic Lead,info@houseofdentistry.co.ke,+254700654317,professional_services,houseofdentistry.co.ke,noticed opportunities to upgrade your patient intake flow and local SEO ranking in Westlands with modern structured schema,PENDING,Dental clinic The Mall Westlands
Urbantec Electronics,Sales Manager,sales@urbantec.co.ke,+254700000003,retail_ecommerce,urbantec.co.ke,noticed your site runs on WordPress which can introduce plugin checkout latency compared to native Safaricom Daraja M-Pesa STK push checkouts,PENDING,Electronics retailer in Nairobi
Nairobi Electronics Warehouse,Orders Team,info@nairobielectronicswarehouse.co.ke,+254700000004,retail_ecommerce,nairobielectronicswarehouse.co.ke,noticed your product checkout flow could increase conversions by 40%+ by eliminating manual payment steps with instant Daraja STK push,PENDING,Electronics online store Nairobi
Digital Store Kenya,Sales Lead,sales@digitalstore.co.ke,+254700000005,retail_ecommerce,digitalstore.co.ke,noticed mobile shoppers browsing your tech catalog would convert much faster with automated 10-second M-Pesa checkouts,PENDING,Tech & computing store Kenya
